cited_cluster_id,cited_decision_name
88061,Texas v. White (1869)
88994,Vermilye & Co. v. Adams Express Co. (1875)
87633,Murray v. Lardner (1865)
88240,Texas v. Hardenberg (1869)
88693,Huntington v. Texas (1873)
88924,National Bank of Washington v. Texas (1874)
89668,Cromwell v. County of Sac (1878)
90400,Railroad Co. v. Sprague (1881)
91368,Poindexter v. Greenhow (1885)
91371,Allen v. Baltimore & Ohio Railroad (1885)
88673,Davis v. Gray (1873)
87371,"Commonwealth of Ky. v. DENNISON, GOVERNOR, &C. (1861)"
91583,Hagood v. Southern (1886)
90667,United States v. Lee (1882)
85451,Osborn v. Bank of United States (1824) 
88699,Osborne v. Mobile (1873)
89664,Pensacola Telegraph Co. v. Western Union Telegraph Co. (1878)
90600,Telegraph Co. v. Texas (1882)
91869,Robbins v. Shelby County Taxing District (1887)
91985,Philadelphia & Southern Steamship Co. v. Pennsylvania (1887)
92988,Merrill v. Monticello (1891)
87743,Rogers v. Burlington (1866)
91125,Claiborne County v. Brooks (1884)
87776,Mitchell v. Burlington (1867)
88640,Police Jury v. Britton (1873)
93354,Roberts v. Lewis (1892)
87423,Suydam v. Williamson (1861)
84798,Lambert's Lessee v. Payne (1805)
89382,Brant v. Virginia Coal & Iron Co. (1876)
90983,Howard v. Carusi (1884)
93152,Potter v. Couch (1891)
90455,Giles v. Little (1881)
96356,Rogers v. Peck (1905)
94455,Crain v. United States (1896)
97893,Bauer & Cie v. O'Donnell (1913)
97584,Henry v. A. B. Dick Co. (1912)
96878,Continental Paper Bag Co. v. Eastern Paper Bag Co. (1908)
93828,Dunlap v. Schofield (1894)
94177,Keeler v. Standard Folding Bed Co. (1895)
89595,Keystone Bridge Co. v. Phoenix Iron Co. (1877)
90432,Railroad Co. v. Mellon (1881)
91637,Yale Lock Manufacturing Co. v. Greenleaf (1886)
93161,McClain v. Ortmayer (1891)
94711,United States v. American Bell Telephone Co. (1897)
93908,Ashley v. Ryan (1894)
96107,Ohio Ex Rel. Lloyd v. Dollison (1904)
95670,Bement v. National Harrow Co. (1902)
98575,Bailey v. Baker Ice MacHine Co. (1915)
95042,Lake Shore & Michigan Southern Railway Co. v. Smith (1899)
3485674,Penna. R.R. Co. v. Public Ser. Com. (1915)
93379,Interstate Com. Commiss. v. B. & O. RAILROAD (1892)
98392,"Norfolk and Western Railway Company v. Conley, Attorney General of the State of West Virginia (1913)"
98391,Northern Pacific Railway Co. v. North Dakota Ex Rel. McCue (1915)
95555,Louisville & Nashville Railroad v. Kentucky (1902)
8180960,The Minnesota Rate Cases (1913)
96710,Interstate Consolidated Street Railway Co. v. Massachusetts (1907)
89506,Doyle v. Continental Insurance (1877)
96471,Security Mutual Life Insurance v. Prewitt (1906)
93467,Iowa v. Illinois (1893)
88953,Home Ins. Co. v. Morse (1874)
91911,Barron v. Burnside (1887)
93431,Southern Pacific Co. v. Denton (1892)
93803,Martin's Administrator v. Baltimore & Ohio Railroad (1894)
94850,Barrow Steamship Co. v. Kane (1898)
97283,"Herndon v. Chicago, Rock Island & Pacific Railway Co. (1910)"
98085,Harrison v. St. Louis & San Francisco Railroad (1914)
98747,Donald v. Philadelphia & Reading Coal & Iron Co. (1916)
92485,Friedlander v. Texas & Pacific Railway Co. (1889)
4920593,Roy & Roy v. Northern Pacific Railway Co. (1906)
5712559,Planters' Rice-Mill Co. v. Merchants' National Bank (1887)
3931352,Havens v. Bank of Tarboro (1903)
3607596,Pennsylvania Gas Co. v. Public Service Commission (1919)
3488586,West Virginia & Maryland Gas Co. v. Towers (1919)
99524,Pennsylvania Gas Co. v. Public Service Commission (1920)
101295,Sprout v. South Bend (1928)
1578327,Pullman Co. v. Richardson (1923)
101176,Atlantic Coast Line Railroad v. Standard Oil Co. of Kentucky (1927)
101497,New Jersey Bell Telephone Co. v. State Board of Taxes & Assessments (1930)
100442,Missouri Ex Rel. Barrett v. Kansas Natural Gas Co. (1924)
100987,Public Utilities Commission v. Attleboro Steam & Electric Co. (1927)
100829,Peoples Natural Gas Co. v. Public Service Commission (1926)
85534,Brown v. Maryland (1827)
92767,Leisy v. Hardin (1890)
99897,Gillespie v. Oklahoma (1922)
89542,Forbes v. Gracey (1877)
99943,Irwin v. Wright (1922)
101632,Willcutts v. Bunn (1931)
96768,Elder v. Wood (1908)
101762,Indian Motocycle Co. v. United States (1931)
101894,Burnet v. Coronado Oil & Gas Co. (1932)
99339,Union Oil Co. of Cal. v. Smith (1919)
92685,Wisconsin Central Railroad v. Price County (1890)
101648,Educational Films Corp. of America v. Ward (1931)
85777,Grant v. Raymond (1832)
101268,City of New Brunswick v. United States (1928)
85911,Wheaton and Donaldson v. Peters and Grigg (1834)
85272,M'culloch v. State of Maryland (1819)
96154,Baltimore Shipbuilding & Dry Dock Co. v. Baltimore (1904)
101154,Northwestern Mutual Life Insurance v. Wisconsin (1928)
101291,Long v. Rockwood (1928)
98481,Bothwell v. Bingham County (1915)
101272,Shaw v. Gibson-Zahniser Oil Corp. (1928)
87219,Kendall v. Winsor (1859)
86324,Carroll v. Safford (1845)
99638,Johnson v. Maryland (1920)
91588,Van Brocklin v. Tennessee (1886)
97614,Gromer v. Standard Dredging Co. (1912)
97103,Caliga v. Inter Ocean Newspaper Co. (1909)
94416,Central Pacific Railroad v. California (1896)
88789,Railroad Co. v. Peniston (1873)
87768,Witherspoon v. Duncan (1867)
96731,American Tobacco Co. v. Werckmeister (1907)
99040,Crew Levick Co. v. Pennsylvania (1917)
101731,Group No. 1 Oil Corp. v. Bass (1931)
101733,Susquehanna Power Co. v. State Tax Comm'n of Md. (No. 1) (1931)
96874,Globe Newspaper Co. v. Walker (1908)
99829,"Choctaw, Oklahoma & Gulf Railroad v. MacKey (1921)"
101371,"Exchange Trust Co. v. Drainage Dist. No. 7, Poinsett Cty. (1929)"
99196,United States Glue Co. v. Town of Oak Creek (1918)
3568583,"Reno Smelting, Milling & Reduction Works v. Stevenson (1889)"
93442,Benson v. United States (1892)
94828,Holden v. Hardy (1898)
93322,Logan v. United States (1892)
86700,United States v. Reid (1852)
91054,Hurtado v. California (1884)
101558,Patton v. United States (1930)
97335,Hendrix v. United States (1911)
99065,Rosen v. United States (1918)
99658,Jin Fuey Moy v. United States (1920)
100181,Adkins v. Children's Hospital of Columbia (1923)
102681,Morehead v. New York Ex Rel. Tipaldo (1936)
102224,Nebbia v. New York (1934)
97368,"Chicago, Burlington & Quincy Railroad v. McGuire (1911)"
101265,Black & White Taxicab & Transfer Co. v. Brown & Yellow Taxicab & Transfer Co. (1928)
93638,Baltimore & Ohio Railroad v. Baugh (1893)
4088490,Falchetti v. Pennsylvania R. R. (1932)
86188,Swift v. Tyson (1842)
88308,Collector v. Day (1871)
103047,Helvering v. Gerhardt (1938)
100771,Metcalf & Eddy v. Mitchell (1926)
102734,New York Ex Rel. Rogers v. Graves (1937)
86223,Dobbins v. Commissioners of Erie County (1842)
102783,Brush v. Commissioner (1937)
94174,Pollock v. Farmers' Loan & Trust Co. (1895)
3487033,Gordy v. Dennis (1939)
100693,Miles v. Graham (1925)
99610,Evans v. Gore (1920)
97661,Procter & Gamble Co. v. United States (1912)
101973,Alton Railroad v. United States (1932)
102669,United States v. Corrick (1936)
101012,United States v. Los Angeles & Salt Lake Railroad (1927)
96063,Interstate Commerce Commission v. Baird (1904)
98242,Intermountain Rate Cases (1914)
102969,United States v. Griffin (1938)
102488,Helvering v. St. Louis Union Trust Co. (1935)
101723,Klein v. United States (1931)
101780,Cyrus H. McCormick v. David Burnet (1931)
101552,May v. Heiner (1930)
1477043,Commissioner of Internal Revenue v. Schwarz (1935)
1474615,Commissioner of Internal Revenue v. Hallock (1939)
102489, Becker v. St. Louis Union Trust Co (1935)
102529,Colgate v. Harvey (1935)
88661,Butchers' Benevolent Ass'n v. Crescent City Live-Stock Landing & Slaughter-House Co. (1873)
96885,Twining v. New Jersey (1908)
103226,Haguer v. Committee for Industrial Organization (1939)
103227,"United States v. Rock Royal Co-Operative, Inc. (1939)"
101217,Liberty Warehouse Co. v. Burley Tobacco Growers' Co-Operative Marketing Assn. (1928)
96354,Carroll v. Greenwich Ins. Co. of NY (1905)
98219,International Harvester Co. of America v. Missouri (1914)
101842,United States Navigation Co. v. Cunard Steamship Co. (1932)
100052,Keogh v. Chicago & Northwestern Railway Co. (1922)
98166,German Alliance Insurance v. Lewis (1914)
103191,Mulford v. Smith (1939)
102457,Aero Mayflower Transit Co. v. Georgia Public Service Commission (1935)
95612,Connolly v. Union Sewer Pipe Co. (1902)
99670,United States v. Wheeler (1920)
87885,Crandall v. Nevada (1868)
86014,Mayor of New York v. Miln (1837) 
101453,Sinclair v. United States (1929)
99206,Toledo Newspaper Co. v. United States (1918)
88890,Ex Parte Robinson (1874)
92542,Savin (1889)
92543,Cuddy (1889)
101315,Ribnik v. McBride (1928)
101029,Tyson & Brother v. Banton (1927)
101356,Williams v. Standard Oil Co. of La. (1929)
101511,Tagg Bros. & Moorhead v. United States (1930)
101636,"O'Gorman & Young, Inc. v. Hartford Fire Ins. Co. (1931)"
102322,Hegeman Farms Corp. v. Baldwin (1934)
102602,"BORDENâ€™S FARM PRODUCTS CO., INC. v. TEN EYCK, COMMISSIONER OF AGRICULTURE & MARKETS OF NEW YORK, Et Al. (1936)"
102402,"Baldwin v. G. A. F. Seelig, Inc. (1935)"
102603,"Mayflower Farms, Inc. v. Ten Eyck (1936)"
102784,West Coast Hotel Co. v. Parrish (1937)
102835,Townsend v. Yeomans (1937)
103133,Currin v. Wallace (1939)
103362,Sunshine Anthracite Coal Co. v. Adkins (1940)
103442,United States v. Darby (1941)
98749,Brazee v. Michigan (1916)
101887,New State Ice Co. v. Liebmann (1932)
102713,Old Dearborn Distributing Co. v. Seagram-Distillers Corp. (1936)
102662,Carter v. Carter Coal Co. (1936)
101413,Highland v. Russell Car & Snow Plow Co. (1929)
90350,Dietzsch v. Huidekoper (1881)
100061,Kline v. Burke Construction Co. (1922)
96399,Gunter v. Atlantic Coast Line Railroad (1906)
89070,French v. Hay (1875)
89712,Dial v. Reynolds (1878)
99752,Supreme Tribe of Ben-Hur v. Cauble (1921)
93714,Root v. Woolworth (1893)
95802,Prout v. Starr (1903)
95346,Scranton v. Wheeler (1900)
97899,United States v. Chandler-Dunbar Water Power Co. (1913)
95793,United States v. Lynah (1903)
98902,United States v. Cress (1917)
87748,Gilman v. Philadelphia (1866)
94650,Gibson v. United States (1897)
103413,United States v. Appalachian Electric Power Co. (1941)
87367,State of Alabama v. State of Georgia (1860)
98436,Greenleaf Johnson Lumber Co. v. Garrison (1915)
98694,Willink v. United States (1916)
97900,Lewis Blue Point Oyster Cultivation Co. v. Briggs (1913)
95716,Reid v. Colorado (1902)
98832,Clark Distilling Co. v. Western Maryland Railway Co. (1917)
98608,Seven Cases of Eckman's Alternative v. United States (1916)
99412,United States v. Ferger (1919)
100469,James Everard's Breweries v. Day (1924)
98232,"Houston, East & West Texas Railway Co. v. United States (1914)"
99906,"Wisconsin RR Comm. v. C., B. & QRR CO. (1922)"
102204,"Local 167, International Brotherhood of Teamsters v. United States (1934)"
97451,Balt. & Ohio RR v. Int. Com. Comm. (1911)
100188,Board of Trade of Chicago v. Olsen (1923)
2621060,Bunting v. Oregon (1917)
99190,Hammer v. Dagenhart (1918)
2620693,Bullen v. Wisconsin (1916)
103220,Graves v. Elliott (1939)
100955,Wachovia Bank & Trust Co. v. Doughton (1926)
103219,Curry v. McCanless (1939)
96658,Chanler v. Kelsey (1907)
95546,Orr v. Gilman (1902)
101237,Saltonstall v. Saltonstall (1928)
101277,Blodgett v. Silberman (1928)
96454,Haddock v. Haddock (1906)
95457,Atherton v. Atherton (1901)
87830,Christmas v. Russell (1866)
95458,Bell v. Bell (1901)
102404,Alaska Packers Assn. v. Industrial Accident Comm'n of Cal. (1935)
98476,Hood v. McGehee (1915)
102412,Broderick v. Rosner (1935)
97084,Fall v. Eastin (1909)
96865,Fauntleroy v. Lum (1908)
103417,Milliken v. Meyer (1941)
101495,Johnson v. United States Shipping Bd. Emergency Fleet Corporation (1930)
102049,Vancouver Steamship Co. v. Rice (1933)
102479,The Admiral Peoples (1935)
100968,Eastern Transportation Co. v. United States (1927)
101230,United States Shipping Bd. Emergency Fleet Corporation v. Rosenberg Brothers & Co. (1928)
99419,The Lake Monroe (1919)
99982,Sloan Shipyards Corp. v. United States Shipping Bd. Emergency Fleet Corporation (1922)
103165,Keifer & Keifer v. Reconstruction Finance Corp. (1939)
103302,"Federal Housing Administration, Region No. 4 v. Burr (1940)"
102452,Federal Land Bank v. Priddy (1935)
103439,Reconstruction Finance Corporation v. JG Menihan Corp. (1941)
99972,Dahn v. Davis (1922)
93000,Guaranty Trust and Safe Deposit Co. v. Green Cove Springs and Melrose Railroad (1891)
103284,Yearsley v. W. A. Ross Construction Co. (1940)
95660,Minnesota v. Hitchcock (1902)
84992,Dunlop v. Munroe (1812)
92277,Robertson v. Sichel (1888)
94400,Spalding v. Vilas (1896)
103705,Jones v. Opelika (1942)
103355,Cantwell v. Connecticut (1940)
102601,Grosjean v. American Press Co. (1936)
101773,Near v. Minnesota Ex Rel. Olson (1931)
103816,Board of County Commissioners v. Seber (1943)
102466,Superintendent of Five Civilized Tribes v. Commissioner (1935)
103192,United States Trust Co. v. Helvering (1939)
97425,Tiger v. Western Investment Co. (1911)
102986,Helvering v. Mountain Producers Corp. (1938)
95792,United States v. Rickert (1903)
103172,Graves v. New York Ex Rel. O'Keefe (1939)
99097,Brader v. James (1918)
98296,"Choctaw, Oklahoma & Gulf Railroad v. Harrison (1914)"
98689,Indian Territory Illuminating Oil Co. v. Oklahoma (1916)
100916,Jaybird Mining Co. v. Weir (1926)
101499,Carpenter v. Shaw (1930)
97639,Choate v. Trapp (1912)
99118,McCurdy v. United States (1918)
100830, Childers v. Beaver (1926)
103373,Minersville School District v. Gobitis (1940)
102334,Hamilton v. Regents of the University of California (1934)
100694,Pierce v. Society of Sisters (1925)
101741,Stromberg v. California (1931)
102580,United States v. Butler (1936)
103017,United States v. Carolene Products Co. (1938)
96087,"Missouri, Kansas & Texas Railway Co. v. May (1904)"
96042,Rippey v. Texas (1904)
103508,Skiriotes v. Florida (1941)
102879,Palko v. Connecticut (1937)
96230,Jacobson v. Massachusetts (1905)
1303501,Shoemaker v. Keely (1793)
101011,"Farrington, Governor v. T. Tokushige (1927)"
99296,Schenck v. United States (1919)
103795,Helvering v. Griffiths (1943)
99053,Selective Draft Law Cases (1918)
103633,Federal Power Commission v. Natural Gas Pipeline Co. (1942)
101364,United Fuel Gas Co. v. Railroad Commission (1929)
102280,Columbus Gas & Fuel Co. v. Public Util. Comm'n of Ohio (1934)
102091,Los Angeles Gas & Electric Corp. v. Railroad Commission (1933)
102270,Dayton Power & Light Co. v. Public Utilities Commission (1934)
92743,"Chicago, Milwaukee & St. Paul Railway Co. v. Minnesota (1890)"
101492,United Rs. & Elec. Co. of Baltimore v. West (1930)
95840,The Osceola (1903)
100007,Carlisle Packing Co. v. Sandanger (1922)
103121,Socony-Vacuum Oil Co. v. Smith (1939)
101292,"Plamals v. S. S. ""Pinar Del Rio"" (1928)"
102648,The Arizona v. Anelich (1936)
101696,Carbice Corp. of America v. American Patents Development Corp. (1931)
97018,Leeds & Catlin Company v. Victor Talking Machine Company (No. 2) (1909)
102889,Leitch Manufacturing Co. v. Barber Co. (1938)
98917,Motion Picture Patents Co. v. Universal Film Manufacturing Co. (1917)
103578,B. B. Chemical Co. v. Ellis (1942)
103678,United States v. Masonite Corp. (1942)
103531,United States v. Classic (1941)
102431,Grovey v. Townsend (1935)
101911,Nixon v. Condon (1932)
4209365,Bell v. Hill (1934)
101446,United States v. Schwimmer (1929)
101765,United States v. MacIntosh (1931)
101766,United States v. Bland (1931)
103367,Apex Hosiery Co. v. Leader (1940)
3917155,Bullington v. . Angel (1941)
104182,Guaranty Trust Co. v. York (1945)
97674,David Lupton's Sons Co. v. Automobile Club of America (1912)
103012,Erie Railroad v. Tompkins (1938)
104139,Williams v. North Carolina (1945)
103096,Stoll v. Gottlieb (1938)
103736,Williams v. North Carolina (1943)
103084,Davis v. Davis (1938)
103236,Treinies v. Sunshine Mining Co. (1940)
95768,Andrews v. Andrews (1903)
98932,Chicago Life Insurance v. Cherry (1917)
101758,Baldwin v. Iowa State Traveling Men's Assn. (1931)
103264,Chicot County Drainage District v. Baxter State Bank (1940)
104459,Caldarola v. Eckert (1947)
104320,"Hust v. Moore-McCormack Lines, Inc. (1946)"
1476725,McAllister v. Cosmopolitan Shipping Co. (1948)
103979,"National Labor Relations Board v. Hearst Publications, Inc. (1944)"
104389,"American Stevedores, Inc. v. Porello (1947)"
103761,Brady v. Roosevelt Steamship Co. (1943)
103522,"Olsen v. Nebraska Ex Rel. Western Reference & Bond Assn., Inc. (1941)"
3902209,State v. . Whitaker (1947)
104041,Wallace Corp. v. National Labor Relations Board (1944)
102167,Home Building & Loan Assn. v. Blaisdell (1934)
103342,Veix v. Sixth Ward Building & Loan Assn. of Newark (1940)
104191,East New York Savings Bank v. Hahn (1945)
102614,Bayside Fish Flour Co. v. Gentry (1936)
98279,Sage v. Hampe (1914)
96764,Adair v. United States (1908)
96276,Lochner v. New York (1905)
94631,Allgeyer v. Louisiana (1897)
98337,Coppage v. Kansas (1915)
103344,Osborn v. Ozlin (1940)
98999,Adams v. Tanner (1917)
100246,Chas. Wolff Packing Co. v. Court of Industrial Relations (1923)
100628,Chas. Wolff Packing Co. v. Court of Industrial Relations of Kansas (1925)
103518,Phelps Dodge Corp. v. National Labor Relations Board (1941)
103870,West Virginia State Board of Education v. Barnette (1943)
102539,"Oklahoma Ex Rel. Oklahoma Tax Commission v. Barnsdall Refineries, Inc. (1936)"
102861,James v. Dravo Contracting Co. (1937)
8181584,Howard v. Gipsy Oil Co. (1918)
8181635,Large Oil Co. v. Howard (1919)
98362,Mutual Film Corp. v. Industrial Commission of Ohio (1915)
102991,Lovell v. City of Griffin (1938)
104623,Kovacs v. Cooper (1949)
2568568,"MATTER OF JOSEPH BURSTYN, INC. v. Wilson (1951)"
96482,Ayer & Lord Co. v. Commonwealth of Kentucky (1906)
93124,Pullman's Palace Car Co. v. Pennsylvania (1891)
96299,Old Dominion Steamship Co. v. Virginia (1905)
96495,New York Ex Rel. New York Central & Hudson River Railroad v. Miller (1906)
88336,St. Louis v. Ferry Co. (1871)
104628,"Ott, Commissioner of Public Finance v. Mississippi Barge Line Co. (1949)"
103990,"Northwest Airlines, Inc. v. Minnesota (1944)"
96335,Union Refrigerator Transit Co. v. Kentucky (1905)
103173,Pacific Employers Insurance v. Industrial Accident Comm'n (1939)
101915,Bradford Elec. Light Co. v. Clapper (1932)
3551998,Bunner v. Patti (1938)
104916,Hughes v. Fetter (1951)
93107,In Re Ross (1891)
105326,United States Ex Rel. Toth v. Quarles (1955)
96130,Dorr v. United States (1904)
105412,Kinsella v. Krueger (1956)
95504,Downes v. Bidwell (1901)
95894,Hawaii v. Mankichi (1903)
2181793,In Re Di Bartolo (1943)
105004,Madsen v. Kinsella (1952)
1528394,Ex Parte Milligan (1867)
99954,Balzac v. Porto Rico (1922)
105413,"Reid v. Covert, 351 U.S. 487 (1956)"
89656,Pennoyer v. Neff (1878)
97747,Thompson v. Thompson (1913)
104568,Estin v. Estin (1948)
104252,Commissioner v. Wilcox (1946)
104992,Rutkin v. United States (1952)
1495711,McKnight v. Commissioner of Internal Revenue (1942)
101568,Corliss v. Bowers (1930)
101083,United States v. Sullivan (1927)
103292,Helvering v. Hallock (1940)
101937,North American Oil Consolidated v. Burnet (1932)
104867,United States v. Lewis (1951)
104709,Wolf v. Colorado (1949)
3599253,People v. Defore (1926)
104943,Rochin v. California (1952)
106107,Elkins v. United States (1960)
98094,Weeks v. United States (1914)
105194,Irvine v. California (1954)
1237532,People v. Cahan (1955)
91573,Boyd v. United States (1886)
101935,Sproles v. Binford (1932)
104610,Lincoln Federal Labor Union v. Northwestern Iron & Metal Co. (1949)
105285,"Williamson v. Lee Optical of Oklahoma, Inc. (1955)"
2093296,"Home Budget Service, Inc. v. Boston Bar Association (1957)"
106545,Gideon v. Wainwright (1963)
2193029,The PEOPLE v. Escobedo (1963)
106822,Massiah v. United States (1964)
105750,Cicenia v. Lagay (1958)
106595,White v. Maryland (1963)
105917,Spano v. New York (1959)
105745,Crooker v. California (1958)
106300,Hamilton v. Alabama (1961)
105848,Brown v. United States (1959)
268056,United States v. Andimo Pappadio (1965)
267423,United States v. Carmine Tramunti (1965)
92334,Ex Parte Terry (1888)
106057,Levine v. United States (1960)
266063,United States v. Anthony Castaldi (1964)
267864,United States v. Salvatore Shillitani (1965)
104790,American Communications Assn. v. Douds (1950)
106267,Communist Party of United States v. Subversive Activities Control Bd. (1961)
104353,Board of Governors of the Federal Reserve System v. Agnew (1947)
87778,Cummings v. Missouri (1867)
104303,United States v. Lovett (1946)
94855,Hawker v. New York (1898)
106534,Kennedy v. Mendoza-Martinez (1963)
106625,Haynes v. Washington (1963)
94782,Bram v. United States (1897)
106883,Escobedo v. Illinois (1964)
106862,Malloy v. Hogan (1964)
103981,Ashcraft v. Tennessee (1944)
106558,Lynumn v. Illinois (1963)
100471,Ziang Sung Wan v. United States (1924)
104108,Malinski v. New York (1945)
91057,Hopt v. People of Territory of Utah (1884)
105658,Perez v. Brownell (1958)
94842,United States v. Wong Kim Ark (1898)
91470,Kurtz v. Moffitt (1885)
105659,Trop v. Dulles (1958)
98579,MacKenzie v. Hare (1915)
105880,Frank v. Maryland (1959)
106109,Ohio Ex Rel. Eaton v. Price (1960)
106641,Ker v. California (1963)
2305304,Givner v. State (1956)
106777,Stoner v. California (1964)
104605,McDonald v. United States (1948)
2062881,Paquette v. City of Fall River (1959)
2008391,Commonwealth v. Hadley (1966)
3637215,Adamec v. Post (1937)
107262,Schmerber v. California (1966)
107483,Berger v. New York (1967)
107465,"Warden, Maryland Penitentiary v. Hayden (1967)"
106187,Silverman v. United States (1961)
106622,Lopez v. United States (1963)
106108,Rios v. United States (1960)
103664,Goldman v. United States (1942)
101320,Olmstead v. United States (1928)
104974,Adler v. Board of Ed. of City of New York (1952)
106837,Baggett v. Bullitt (1964)
107210,Elfbrandt v. Russell (1966)
106514,National Ass'n for the Advancement of Colored People v. Button (1963)
105751,Speiser v. Randall (1958)
106142,Shelton v. Tucker (1960)
105537,Yates v. United States (1957)
106311,Cramp v. Board of Public Instruction of Orange Cty. (1961)
106050,Parker v. Ellis (1960)
264986,"United States of America Ex Rel. James P. Carafas v. J. Edwin Lavallee, Warden, Auburn Prison, Auburn, New York (1964)"
107408,Nowakowski v. Maroney (1967)
104336,Fiswick v. United States (1946)
265136,"Nathan Thomas v. W. K. Cunningham, Jr., Superintendent of the Virginia State Penitentiary (1964)"
107084,Linkletter v. Walker (1965)
106285,Mapp v. Ohio (1961)
107663,Ginsberg v. New York (1968)
95249,Ex Parte Baez (1900)
1425143,United States Ex Rel. Rivera v. Reeves (1965)
105176,United States v. Morgan (1954)
107631,Walker v. Wainwright (1968)
105722,Eskridge v. Washington State Board of Prison Terms & Paroles (1958)
103486,Ex Parte Hull (1941)
107014,Pointer v. Texas (1965)
1236300,Powell v. Alabama (1932)
102801,District of Columbia v. Clawans (1937)
95204,Maxwell v. Dow (1900)
106259,Irvin v. Dowd (1961)
105055,Schwartz v. Texas (1952)
102883,Nardone v. United States (1937)
104585,Shapiro v. United States (1948)
105090,United States v. Kahriger (1953)
105280,Lewis v. United States (1955)
107110,Albertson v. Subversive Activities Control Board (1966)
106864,Murphy v. Waterfront Commission of New York Harbor (1964)
102317,McNally v. Hill (1934)
106507,Jones v. Cunningham (1963)
100122,Moore v. Dempsey (1923)
106548,Fay v. Noia (1963)
107685,Duncan v. Louisiana (1968)
94515,United States v. Ball (1896)
107730,Sibron v. New York (1968)
104914,Dennis v. United States (1951)
102821,Herndon v. Lowry (1937)
99321,Frohwerk v. United States (1919)
99322,Debs v. United States (1919)
101097,Whitney v. California (1927)
104769,United States v. Rabinowitz (1950)
106021,Abel v. United States (1960)
104576,Trupiano v. United States (1948)
101164,Marron v. United States (1927)
101643,Go-Bart Importing Co. v. United States (1931)
107729,Terry v. Ohio (1968)
100567,Carroll v. United States (1925)
104422,Harris v. United States (1947)
90897,Civil Rights Cases (1883)
104546,Hurd v. Hodge (1948)
1447641,Hodges v. United States (1906)
100887,Corrigan v. Buckley (1926)
90040,Virginia v. Rives (1880)
1178568,"Adkins v. Lear, Inc. (1967)"
106758,"Compco Corp. v. Day-Brite Lighting, Inc. (1964)"
8928994,"Automatic Radio Mfg. Co., Inc. v. Hazeltine Research, Inc (1950)"
106757,"Sears, Roebuck & Co. v. Stiffel Co. (1964)"
100520,Westinghouse Electric & Manufacturing Co. v. Formica Insulation Co. (1924)
104194,Scott Paper Co. v. Marcalus Manufacturing Co. (1945)
103320,McGoldrick v. Compagnie Generale Transatlantique (1940)
104256,Wilson v. Cook (1946)
106930,Brulotte v. Thys Co. (1964)
106850,Reynolds v. Sims (1964)
104593,MacDougall v. Green (1948)
107449,Dusch v. Davis (1967)
104311,Colegrove v. Green (1946)
106366,Baker v. Carr (1962)
105687,Hoag v. New Jersey (1958)
105860,Abbate v. United States (1959)
107978,North Carolina v. Pearce (1969)
107980,Benton v. Maryland (1969)
105594,Green v. United States (1957)
106432,Sinclair Refining Co. v. Atkinson (1962)
105511,Textile Workers v. Lincoln Mills of Ala. (1957)
107655,"Avco Corp. v. Aero Lodge No. 735, International Ass'n of MacHinists & Aerospace Workers (1968)"
1276937,Price v. State (1968)
5726506,Brantley v. Georgia (1910)
1395638,Price v. State (1968)
8887067, (1965)
94866,Thompson v. Utah (1898)
95043,Capital Traction Co. v. Hof (1899)
96270,Rassmussen v. United States (1905)
92280,Callan v. Wilson (1888)
107486,United States v. Wade (1967)
90728,United States v. Harris (1883)
107201,United States v. Guest (1966)
107748,Jones v. Alfred H. Mayer Co. (1968)
104918,"Collins v. Hardyman, 341 U.S. 651 (1951)"
103548,Reitz v. Mealey (1941)
1198518,Schecter v. Killingsworth (1963)
288328, (1970)
106365,Kesler v. Department of Public Safety of Utah (1962)
100616,Lewis v. Roberts (1925)
104590,Ahrens v. Clark (1948)
107824,Smith v. Hooey (1969)
107679,Peyton v. Rowe (1968)
91598,Ex Parte Royall (1886)
108193,Nelson v. George (1970)
102839,Carmichael v. Southern Coal & Coke Co. (1937)
2042261,Lake Shore Auto Parts Co. v. Korzen (1971)
103290,Madden v. Kentucky Ex Rel. Commissioner (1940)
97378,Flint v. Stone Tracy Co. (1911)
101317,Quaker City Cab Co. v. Commonwealth of Pennsylvania (1928)
101340,Louis K. Liggett Co. v. Baldridge (1928)
107235,Mills v. Alabama (1966)
86449,Forgay v. Conrad (1848)
104183,"Radio Station Wow, Inc. v. Johnson (1945)"
96819,Ex Parte Young (1908)
106821,Parden v. Terminal Railway of Alabama State Docks Department (1964)
108763,Employees of Department of Public Health v. Department of Public Health (1973)
105869,Petty v. Tennessee-Missouri Bridge Commission (1959)
104057,Ford Motor Co. v. Department of Treasury (1945)
307980,"John Jordan, by His Next Friend, Jeanette Bryant, Individually and on Behalf of All Other Persons Similarly Situated, Cross-Appellees v. Edward T. Weaver, Cross-Appellants (1973)"
108113,Rosado v. Wyman (1970)
107743,King v. Smith (1968)
8901897,"Edna Rothstein v. George K. Wyman, as Commissioner of the Department of Social Services of the State of New York, and the Department of Social Services of the State of New York (1972) "
102271,Principality of Monaco v. Mississippi (1934)
107901,Shapiro v. Thompson (1969)
108075,Wyman v. Bowens (1970)
8989511,"Sterrett v. Mothers' & Children's Rights Organization, 409 U.S. 809 (1972)"
8988675,"State Department of Health & Rehabilitative Services of Florida v. Zarate, 407 U.S. 918 (1972)"
88869,The Pennsylvania (1874)
108166,"Moragne v. States Marine Lines, Inc. (1970)"
1473714,Oriental Trading & Transport Co. v. Gulf Oil Corp. (1949)
92846,The Max Morris (1890)
105170,"Pope & Talbot, Inc. v. Hawn (1953)"
106640,Fitzgerald v. United States Lines Co. (1963)
105837,Kermarec v. Compagnie Generale Transatlantique (1959)
88790,The Sapphire (1874)
90646,"The"" North Star"" (1882)"
99959,"White Oak Transportation Co. v. Boston, Cape Cod & New York Canal Co. (1922)"
96972,The Eugene F. Moran (1909)
89024,Atlee v. Packet Co. (1875)
102766,Morley Construction Co. v. Maryland Casualty Co. (1937)
104637,Graver Tank & Mfg. Co. v. Linde Air Products Co. (1949)
107344,"Berenyi v. District Director, Immigration & Naturalization Service (1966)"
106562,Weyerhaeuser Steamship Co. v. United States (1963)
104954,Halcyon Lines v. Haenn Ship Ceiling & Refitting Corp. (1952)
108637,Union Oil Co. of Cal. v. the San Jacinto (1972)
1087619,The City of New York (1893)
94772,The Victory & the Plymothian (1897)
94658,The Umbria (1897)
94202,The Oregon (1895)
94137,The Ludvig Holberg (1895)
86919,The Schooner Catharine v. Dickinson (1855)
321071, (1974)
105546,Morey v. Doud (1957)
106576,Ferguson v. Skrupa (1963)
107256,Katzenbach v. Morgan (1966)
1489061,Walker v. Hall (1975)
109235,Stanton v. Stanton (1975)
108404,Reed v. Reed (1971)
105152,Barrows v. Jackson (1953)
108497,Stanley v. Illinois (1972)
109013,Kahn v. Shevin (1974)
108781,Frontiero v. Richardson (1973)
108489,Eisenstadt v. Baird (1972)
109132,Schlesinger v. Ballard (1975)
104606,Goesaert v. Cleary (1948)
108288,Durham v. United States (1971)
108605,Furman v. Georgia (1972)
1220970,Coley v. State (1974)
1391146,Jarrell v. State (1975)
1335744,Gregg v. State (1974)
97242,Weems v. United States (1910)
1260876,People v. Anderson (1972)
1381163,Moore v. State (1975)
2097666,Commonwealth v. O'NEAL (1975)
106451,Robinson v. California (1962)
108329,McGautha v. California (1971)
104216,Marsh v. Alabama (1946)
107692,"Amalgamated Food Employees Union Local 590 v. Logan Valley Plaza, Inc. (1968)"
108592,Lloyd Corp. v. Tanner (1972)
105389,National Labor Relations Board v. Babcock & Wilcox Co. (1956)
108591,Central Hardware Co. v. National Labor Relations Board (1972)
105999,National Labor Relations Board v. Insurance Agents' International Union (1960)
104636,"International Union, U. A. W. A., A. F. of L., Local 232 v. Wisconsin Employment Relations Board (1949)"
105866,San Diego Building Trades Council v. Garmon (1959)
107123,"Hanna Mining Co. v. District 2, Marine Engineers Beneficial Ass'n (1965)"
106827,"Local 20, Teamsters, Chauffeurs & Helpers Union v. Morton (1964)"
107886,Brotherhood of Railroad Trainmen v. Jacksonville Terminal Co. (1969)
88429,Low v. Austin (1872)
105833,Youngstown Sheet & Tube Co. v. Bowers (1959)
86429,Thurlow v. Massachusetts (1847)
104222,New York v. United States (1946)
109259,Fry v. United States (1975)
107734,Maryland v. Wirtz (1968)
102593,United States v. California (1936)
85412,Gibbons v. Ogden (1824)
104231,Case v. Bowles (1946)
97448,Coyle v. Smith (1911)
87985,Lane County v. Oregon (1869)
108848,Pittsburgh Press Co. v. Pittsburgh Commission on Human Relations (1973)
109271,Bigelow v. Virginia (1975)
106761,New York Times Co. v. Sullivan (1964)
2239749,Patterson Drug Company v. Kingery (1969)
103347,Thornhill v. Alabama (1940)
2098134,"Virginia Citizens Consumer Council, Inc. v. State Board of Pharmacy (1974)"
103654,Valentine v. Chrestensen (1942)
107970,National Labor Relations Board v. Gissel Packing Co. (1969)
8985546,"Dun & Bradstreet, Inc. v. C. R. Grove, Trustee (1971)"
104587,Memphis Natural Gas Co. v. Stone (1948)
109239,Colonial Pipeline Co. v. Traigle (1975)
104869,"Spector Motor Service, Inc. v. O'Connor (1951)"
102972,Western Live Stock v. Bureau of Revenue (1938)
105828,"Railway Express Agency, Inc. v. Virginia (1959)"
107491,"United States v. Arnold, Schwinn & Co. (1967)"
336461,"Gte Sylvania Incorporated v. Continental T v.  Inc., a Corporation (1976)"
105646,Northern Pacific Railway Co. v. United States (1958)
1458770,"United States v. Arnold, Schwinn & Co. (1965)"
86317,Pollard's Lessee v. HAGAN (1845)
108897,Bonelli Cattle Co. v. Arizona (1973)
93804,Shively v. Bowlby (1894)
102485,"Borax Consolidated, Ltd. v. Los Angeles (1935)"
89473,Barney v. Keokuk (1877)
89097,County of St. Clair v. Lovingston (1874)
107555,Hughes v. Washington (1967)
96443,Joy v. City of St. Louis (1906)
86113,Wilcox v. Jackson (1839)
109344,Michelin Tire Corp. v. Wages (1976)
109615,"Complete Auto Transit, Inc. v. Brady (1977)"
104388,Joseph v. Carter & Weekes Stevedoring Co. (1947)
104859,Canton Railroad v. Rogan (1951)
102857,Puget Sound Stevedoring Co. v. State Tax Commission (1937)
106170,Monroe v. Pape (1961)
86231,Prigg v. Pennsylvania (1842)
108782,Moor v. County of Alameda (1973)
334135,"12 Fair empl.prac.cas. 836, 11 Empl. Prac. Dec. P 10,755 Jane Monell v. Department of Social Services of the City of New York, Defendants (1976)"
88174,Supervisors v. Durant (1870)
108813,City of Kenosha v. Bruno (1973)
108375,Bivens v. Six Unknown Named Agents of Federal Bureau of Narcotics (1971)
108913,Cleveland Board of Education v. LaFleur (1974)
109574,Mt. Healthy City School District Board of Education v. Doyle (1977)
90041,Ex Parte Virginia (1880)
109503,Aldinger v. Howard (1976)
109631,United States v. Martin Linen Supply Co. (1977)
109688,Lee v. United States (1977)
109200,United States v. Wilson (1975)
109201,United States v. Jenkins (1975)
109773,Arizona v. Washington (1978)
96129,Kepner v. United States (1904)
109204,Serfass v. United States (1975)
108233,United States v. Jorn (1971)
106359,Fong Foo v. United States (1962)
94405,Geer v. Connecticut (1896)
100325,Lacoste v. Department of Conservation of Louisiana (1924)
101328,Foster-Fountain Packing Co. v. Haydel (1928)
104652,"H. P. Hood & Sons, Inc. v. Du Mond (1949)"
97421,West v. Kansas Natural Gas Co. (1911)
108085,"Pike v. Bruce Church, Inc. (1970)"
109662,"Douglas v. Seacoast Products, Inc. (1977)"
109868,Baldwin v. Fish and Game Comm'n of Mont. (1978)
109916,City of Philadelphia v. New Jersey (1978)
104563,Toomer v. Witsell (1948)
105789,Hawkins v. United States (1958)
102164,Funk v. United States (1933)
106048,Wyatt v. United States (1960)
102181,Wolfle v. United States (1934)
86090,Stein v. Bowman (1839)
104845,Blau v. United States (1951)
106022,Jones v. United States (1960)
107636,Simmons v. United States (1968)
108760,Brown v. United States (1973)
107872,Alderman v. United States (1969)
109835,Department of Revenue v. Ass'n of Washington Stevedoring Companies (1978)
877181,Commonwealth Edison Co. v. State (1980)
104253,Nippert v. City of Richmond (1946)
110488,Maryland v. Louisiana (1981)
106846,General Motors Corp. v. Washington (1964)
103186,"Clark v. Paul Gray, Inc. (1939)"
100063,Heisler v. Thomas Colliery Co. (1922)
105195,Michigan-Wisconsin Pipe Line Co. v. Calvert (1954)
102777,Ingels v. Morf (1937)
2226827,State Ex Rel. Douglas v. Sporhase (1981)
1818257,"City of Altus, Oklahoma v. Carr (1966)"
96834,Hudson County Water Co. v. McCarter (1908)
110119,Arkansas v. Sanders (1979)
109714,United States v. Chadwick (1977)
110558,Robbins v. California (1981)
108184,Chambers v. Maroney (1970)
392944,"United States v. Albert Ross, Jr. (1981)"
108377,Coolidge v. New Hampshire (1971)
104463,United States v. Yellow Cab Co. (1947)
104915,Timken Roller Bearing Co. v. United States (1951)
104839,"Kiefer-Stewart Co. v. Joseph E. Seagram & Sons, Inc. (1951)"
107732,"Perma Life Mufflers, Inc. v. International Parts Corp. (1968)"
102041,"Appalachian Coals, Inc. v. United States (1933)"
104037,United States v. Crescent Amusement Co. (1944)
1292673,United States v. American Tobacco Co. (1911)
106009,"United States v. Parke, Davis & Co. (1960)"
409686, (1982)
102987,Helvering v. Mitchell (1938)
110331,United States v. Ward (1980)
407595,"United States v. One Assortment of 89 Firearms, National Rifle Association of America, Amicus Curiae (1982)"
108643,One Lot Emerald Cut Stones and One Ring v. United States (1972)
106087,Flemming v. Nestor (1960)
8178595,"Coffey v. United States, 116 U.S. 436 (1886)"
109499,National League of Cities v. Usery (1976)
110881,Equal Employment Opportunity Commission v. Wyoming (1983)
110516,"Hodel v. Virginia Surface Mining & Reclamation Assn., Inc. (1981)"
110673,United Transportation Union v. Long Island Rail Road (1982)
110718,Federal Energy Regulatory Commission v. Mississippi (1982)
2239255,San Antonio Metropolitan Transit Authority v. Donovan (1983)
102330,Helvering v. Powers (1934)
96357,South Carolina v. United States (1905)
91894,Ex Parte Bain (1887)
105978,Stirone v. United States (1960)
423986,United States v. James Rual Miller (1983)
102436,Berger v. United States (1935)
106407,Russell v. United States (1962)
103976,United States v. Ballard (1944)
100951,Salinger v. United States (1926)
110478,Parratt v. Taylor (1981)
111252,Hudson v. Palmer (1984)
109635,Ingraham v. Wright (1977)
109561,Estelle v. Gamble (1976)
109097,Wolff v. McDonnell (1974)
110132,Baker v. McCollan (1979)
87021,South v. Maryland Ex Rel. Pottle (1856)
108430,Groppi v. Leslie (1972)
110169,Martinez v. California (1980)
109961,Michigan v. Doran (1978)
105312,Brown v. Board of Education (1955)
111492,Jean v. Nelson (1985)
105221,Brown v. Board of Education (1954)
105766,Cooper v. Aaron (1958)
96519,Appleyard v. Massachusetts (1906)
467594,Commonwealth of Puerto Rico v. Terry E. Branstad (1986)
111916,"California v. Superior Court of Cal., San Bernardino Cty. (1987)"
99021,Biddinger v. Commissioner of Police of City of New York (1917)
110926,Kolender v. Lawson (1983)
102605,Ashwander v. Tennessee Valley Authority (1936)
110322,Maine v. Thiboutot (1980)
109490,"Examining Bd. of Engineers, Architects and Surveyors v. Flores De Otero (1976)"
96915,New York Ex Rel. Kopel v. Bingham (1909)
107705,Green v. County School Board of New Kent County (1968)
89308,Board of Liquidation v. McComb (1876)
107953,O'Callahan v. Parker (1969)
8982256,"Relford v. Commandant, US Disciplinary Barracks, Fort Leavenworth (1971)"
105525,Reid v. Covert (1957)
105981,Kinsella v. United States Ex Rel. Singleton (1960)
89821,Coleman v. Tennessee (1879)
111308,Garcia v. San Antonio Metropolitan Transit Authority (1985)
1098406,Ex Parte Smith (1988)
108569,Colten v. Kentucky (1972)
111602,Texas v. McCullough (1986)
110748,United States v. Goodwin (1982)
111683,Brown-Forman Distillers Corp. v. New York State Liquor Authority (1986)
107217,"Joseph E. Seagram & Sons, Inc. v. Hostetter (1966)"
110758,Edgar v. Mite Corp. (1982)
507765, (1988)
2370562,United States Brewers Ass'n v. Healy (1987)
109016,Procunier v. Martinez (1974)
111904,Turner v. Safley (1987)
109718,"Jones v. North Carolina Prisoners' Labor Union, Inc. (1977)"
109079,Pell v. Procunier (1974)
492021,"Jack Abbott v. Edwin Meese, Iii, Attorney General of the United States (1987)"
110075,Bell v. Wolfish (1979)
100734,Beazell v. Ohio (1925)
90760,Kring v. Missouri (1883)
1787505,Bogany v. State (1983)
98427,Malloy v. South Carolina (1915)
110719,United States v. Ross (1982)
111305,United States v. Johns (1985)
104504,Johnson v. United States (1948)
110979,United States v. Place (1983)
111020,Michigan v. Long (1983)
112205,Harris v. Reed (1989)
109717,Wainwright v. Sykes (1977)
105074,Brown v. Allen (1953)
110692,Engle v. Isaac (1982)
111880,Pennsylvania v. Finley (1987)
111727,Murray v. Carrier (1986)
1280169,O'BRIEN v. Socony Mobil Oil Company (1967)
106591,Sanders v. United States (1963)
536051,"Roger K. Coleman v. Charles Thompson, Warden (1990)"
109439,Francis v. Henderson (1976)
1573917,"Exxon Corp. v. Central Gulf Lines, Inc. (1989)"
88300,Insurance Co. v. Dunham (1871)
105375,Archawski v. Hanioti (1956)
86949,Minturn v. Maynard (1855)
112640,Coleman v. Thompson (1991)
106544,Townsend v. Sain (1963)
112573,McCleskey v. Zant (1991)
556624,Jose Tamayo-Reyes v. J.C. Keeney (1991)
111235,Reed v. Ross (1984)
1591860,State Ex Rel. Heitkamp v. Quill Corp. (1991)
107425,"National Bellas Hess, Inc. v. Department of Revenue (1967)"
109630,National Geographic Society v. California Board of Equalization (1977)
110563,Commonwealth Edison Co. v. Montana (1981)
112066,"D. H. Holmes Co., Ltd. v. McNamara (1988)"
105829,Northwestern States Portland Cement Co. v. Minnesota (1959)
110927,Arkansas Electric Cooperative Corp. v. Arkansas Public Service Commission (1983)
92534,Nielsen (1889)
112432,Grady v. Corbin (1990)
109695,Brown v. Ohio (1977)
96689,Grafton v. United States (1907)
109736,Harris v. Oklahoma (1977)
110307,Illinois v. Vitale (1980)
111893,Young v. United States Ex Rel. Vuitton Et Fils S. A. (1987)
97395,Gavieres v. United States (1911)
96480,Burton v. United States (1906)
107686,Bloom v. Illinois (1968)
110338,Fullilove v. Klutznick (1980)
112176,City of Richmond v. J. A. Croson Co. (1989)
112484,"Metro Broadcasting, Inc. v. Federal Communications Commission (1990)"
111669,Wygant v. Jackson Board of Education (1986)
109930,Regents of the University of California v. Bakke (1978)
103875,Hirabayashi v. United States (1943)
105222,Bolling v. Sharpe (1954)
1879640, (1994)
109469,Washington v. Davis (1976)
104040,Korematsu v. United States (1945)
111827,United States v. Paradise (1987)
105287,United States v. Bramblett (1955)
112296,Patterson v. McLean Credit Union (1989)
258536,Daniel Jackson Oliver Wendel Holmes Morgan v. United States (1962)
276778,United States v. James Ralph Erhardt (1967)
109680,Illinois Brick Co. v. Illinois (1977)
101414,Sinclair v. United States (1929)
112848,United States v. Olano (1993)
673512,United States v. Michael E. Gaudin (1994)
112868,Sullivan v. Louisiana (1993)
109698,Patterson v. New York (1977)
94082,Sparf v. United States (1895)
112052,Kungys v. United States (1988)
110312,Central Hudson Gas & Electric Corp. v. Public Service Commission (1980)
109450,"Virginia State Board of Pharmacy v. Virginia Citizens Consumer Council, Inc. (1976)"
111744,Posadas De Puerto Rico Associates v. Tourism Co. of Puerto Rico (1986)
117924,Rubin v. Coors Brewing Co. (1995)
1877168,"44 Liquor Mart, Inc. v. Racine (1993)"
112836,"City of Cincinnati v. Discovery Network, Inc. (1993)"
112899,United States v. Edge Broadcasting Co. (1993)
109649,"Linmark Associates, Inc. v. Township of Willingboro (1977)"
117963,"Florida Bar v. Went for It, Inc. (1995)"
2040250,Michigan Beer & Wine Wholesalers Ass'n v. Attorney General (1985)
108636,"California v. LaRue, 409 U.S. 109 (1973)"
92702,Hans v. Louisiana (1890)
84681,Chisholm v. Georgia (1793)
112291,Pennsylvania v. Union Gas Co. (1989)
111503,Atascadero State Hospital v. Scanlon (1985)
85330,Cohens v. Virginia (1821)
109520,Fitzpatrick v. Bitzer (1976)
111949,Welch v. Texas Department of Highways & Public Transportation (1987)
112800,"Puerto Rico Aqueduct and Sewer Authority v. Metcalf & Eddy, Inc. (1993)"
658639, (1994)
112887,Zobrest v. Catalina Foothills School District (1993)
111506,Aguilar v. Felton (1985)
111561,Witters v. Washington Department of Services for the Blind (1986)
111505,School District of Grand Rapids v. Ball (1985)
108380,Lemon v. Kurtzman (1971)
438842, (1984)
117870,Board of Ed. of Kiryas Joel Village School Dist. v. Grumet (1994)
109251,Meek v. Pittenger (1975)
112679,Rufo v. Inmates of Suffolk County Jail (1992)
117967,Rosenberger v. Rector & Visitors of University of Virginia (1995)
112138,Bowen v. Kendrick (1988)
112259,United States v. Halper (1989)
1087946,Department of Revenue of Mont. v. Kurth Ranch (1994)
118052,United States v. Ursery (1996)
112906,United States v. Dixon (1993)
107615,Albrecht v. Herald Co. (1968)
109716,Continental T. v.  Inc. v. GTE Sylvania Inc. (1977)
725024,"Barkat U. Khan and Khan & Associates, Inc. v. State Oil Company (1996)"
112425,Atlantic Richfield Co. v. USA Petroleum Co. (1990)
110747,Arizona v. Maricopa County Medical Society (1982)
104079,House v. Mayo (1945)
103707,Ex Parte Quirin (1942)
112643,Payne v. Tennessee (1991)
111885,Gray v. Mississippi (1987)
118011,Seminole Tribe of Florida v. Florida (1996)
110880,"White v. Massachusetts Council of Construction Employers, Inc. (1983)"
105513,California v. Taylor (1957)
118133,Agostini v. Felton (1997)
107737,Board of Ed. of Central School Dist. No. 1 v. Allen (1968)
104373,Everson v. Board of Ed. of Ewing (1947)
109722,Wolman v. Walter (1977)
111003,Mueller v. Allen (1983)
103214,O'MALLEY v. Woodrough (1939)
110365,United States v. Will (1980)
702629,Hatter v. United States (1995)
111516,Oregon Department of Fish & Wildlife v. Klamath Indian Tribe (1985)
96304,United States v. Winans (1905)
746267, (1997)
94506,Ward v. Race Horse (1896)
110146,Washington v. Washington State Commercial Passenger Fishing Vessel Assn. (1979)
2261846,Mille Lacs Band of Chippewa Indians v. Minnesota (1994)
105018,Youngstown Sheet & Tube Co. v. Sawyer (1952)
98773,New York Ex Rel. Kennedy v. Becker (1916)
103642,Tulee v. Washington (1942)
96748,Winters v. United States (1908)
